name,keyword
XE5400GS,XE5400GS
MCP31LB BK,MCP31LB BK
FDR-AX45A,FDR-AX45A
EW-DJ55-W,EW-DJ55-W
NV-HV7G,NV-HV7G
DMP-BD90,DMP-BD90
EH-KN0J-A,EH-KN0J-A
ES-WH7A-W,ES-WH7A-W
VE-GE19DL,VE-GE19DL
EH-SR85-K,EH-SR85-K
CB-SXH7,CB-SXH7
NC-HU224,NC-HU224
EAH-AZ100-K,EAH-AZ100-K
DS-FWX1200-W,DS-FWX1200-W
TK-CJ24-W,TK-CJ24-W
CY-ET926D,CY-ET926D
UN-15L11-K,UN-15L11-K
KX-FKD405-W,KX-FKD405-W
EH-NE7L-P,EH-NE7L-P
F-YZXJ60B-W,F-YZXJ60B-W
EH-NA0J-H,EH-NA0J-H
EH-KN7J-W,EH-KN7J-W
NC-A57-K,NC-A57-K
EW-NJ80-W,EW-NJ80-W
KZ-11BP,KZ-11BP
UN-19F10-K,UN-19F10-K
EAH-AZ60M2-K,EAH-AZ60M2-K
DMR-2W101,DMR-2W101
DMR-2W201,DMR-2W201
KX-PD750DL-N,KX-PD750DL-N
EZ7410LA2SH1,EZ7410LA2SH1
VE-GD58DL-N,VE-GD58DL-N
VL-SGZ30,VL-SGZ30
CY-RC100KD,CY-RC100KD
KX-HDN215-K,KX-HDN215-K
EH-SP86-K,EH-SP86-K
TH-32J300,TH-32J300
MC-RSC10-W,MC-RSC10-W
NE-FL222-K,NE-FL222-K
VL-WD623,VL-WD623
NP-TML1,NP-TML1
NT-D700,NT-D700
TH-24J300,TH-24J300
AHM-HU55A,AHM-HU55A
RC-10MSL,RC-10MSL
TY-P10,TY-P10
TY-C24,TY-C24
TY-P50,TY-P50
TY-C15,TY-C15
PV-BL3J,PV-BL3J
CV-95H2,CV-95H2
HMR-FT19A,HMR-FT19A
PWC-251P-B,PWC-251P-B
P6HCS-W,P6HCS-W
IC-FAC2,IC-FAC2
AFS100C,AFS100C
STF-DC15T,STF-DC15T
SCD-184P-B,SCD-184P-B
P10HCS,P10HCS
PMPC-MA2,PMPC-MA2
BLIAC-A600-B,BLIAC-A600-B
P6HCS-B,P6HCS-B
PZSH-5T-W,PZSH-5T-W
PMPC-MA4,PMPC-MA4
FCA-22H-C,FCA-22H-C
SCD-120P-W,SCD-120P-W
HXF-C25-W,HXF-C25-W
RNS-B400D,RNS-B400D
EP-0440-W,EP-0440-W
RC-IL50-W,RC-IL50-W
RC-IL50-B,RC-IL50-B
PC-EMA3-W,PC-EMA3-W
LTC-01,LTC-01
FK-WH1,FK-WH1
RNS-P10,RNS-P10
RCI-B5-W,RCI-B5-W
32WB10PB,32WB10PB
PC-MA4-W,PC-MA4-W
SBT-512N,SBT-512N
IHK-T37,IHK-T37
24WB10PB,24WB10PB
IAP-A35-W,IAP-A35-W
IJD-I50,IJD-I50
ISHT-5000-W,ISHT-5000-W
IJDC-K80,IJDC-K80
PMAC-100,PMAC-100
RC-PD10-B,RC-PD10-B
WRC-X5400GS-B,WRC-X5400GS-B
TK-CA11BPBK,TK-CA11BPBK
TK-CA12BPBK,TK-CA12BPBK
ELD-FTV040UBK,ELD-FTV040UBK
BOE067-GRG,BOE067-GRG
ST1000LM048,ST1000LM048
ST4000VN008,ST4000VN008
ST2000DM006,ST2000DM006
ST3000DM007,ST3000DM007
ST2000DM005,ST2000DM005
ST2000DM008,ST2000DM008
ST8000DM004,ST8000DM004
ST4000DM004,ST4000DM004
ST6000DM003,ST6000DM003
WD20EZRZ,WD20EZRZ
WD30EZRZ,WD30EZRZ
WD60EFRX,WD60EFRX
WD20EARZ,WD20EARZ
WD10EURX,WD10EURX
WD30EURX,WD30EURX
WD20EFAX,WD20EFAX
WD10SPZX,WD10SPZX
WD40EZAZ,WD40EZAZ
WD30EFRX,WD30EFRX
WD80EAZZ,WD80EAZZ
WD10JPVX,WD10JPVX
WD40EFRX,WD40EFRX
WD20EFRX,WD20EFRX
WD30EZRX,WD30EZRX
WDS500G2B0A,WDS500G2B0A
WDS100T2B0A,WDS100T2B0A
HD-AD4U3,HD-AD4U3
HD-AD2U3,HD-AD2U3
HD-AD6U3,HD-AD6U3
HD-AD8U3,HD-AD8U3
WSR3600BE4P,WSR3600BE4P
WSR-1500AX2S,WSR-1500AX2S
WSR-3000AX4P,WSR-3000AX4P
LS220D0402G,LS220D0402G
LS220D0202G,LS220D0202G
HD-PCG1.0U3-BBA,HD-PCG1.0U3-BBA
HD-PCG2.0U3-GBA,HD-PCG2.0U3-GBA
HD-PCG1.0U3-BWA,HD-PCG1.0U3-BWA
HD-PCFS2.0U3-BBA,HD-PCFS2.0U3-BBA
HD-PCFS1.0U3-BBA,HD-PCFS1.0U3-BBA
WSR-5400XE6,WSR-5400XE6
LS210D0201G,LS210D0201G
LS210D0301G,LS210D0301G
WSR-5400AX6P,WSR-5400AX6P
SSD-PUT500U3-B,SSD-PUT500U3-B
SSD-PUT1.0U3-B,SSD-PUT1.0U3-B
HD-LE2U3-BB,HD-LE2U3-BB
HD-LE1U3-BB,HD-LE1U3-BB
HD-EDS4U3-BE,HD-EDS4U3-BE
RR-PW1-WH,RR-PW1-WH
WNR-5400XE6P,WNR-5400XE6P
WNR-5400XE6,WNR-5400XE6
WSR-6000AX8P,WSR-6000AX8P
WEX-5400AX6,WEX-5400AX6
NS-N100,NS-N100
BRXL-PT6U3-BKE,BRXL-PT6U3-BKE
WXR9300BE6P,WXR9300BE6P
HD-NRLD6.0U3-BA,HD-NRLD6.0U3-BA
SSD-PG1.0U3-B,SSD-PG1.0U3-B
WEX-1800AX4,WEX-1800AX4
WSR-1800AX4S,WSR-1800AX4S
WEX-1800AX4EA,WEX-1800AX4EA
WSR-5400AX6,WSR-5400AX6
WSR-3200AX4S,WSR-3200AX4S
WSR-1800AX4-BK,WSR-1800AX4-BK
HD-LC2.0U3-BKD,HD-LC2.0U3-BKD
BS-GS2008,BS-GS2008
WSR-5400AX6S,WSR-5400AX6S
DTV-S110,DTV-S110
WXR-2533DHP2,WXR-2533DHP2
WXR-6000AX12S,WXR-6000AX12S
SRF-R356,SRF-R356
CFD-S70,CFD-S70
UBP-X700,UBP-X700
MUC-S12NB1,MUC-S12NB1
STR-DH190,STR-DH190
ICD-TX660,ICD-TX660
BDZ-ZW1800,BDZ-ZW1800
NW-A306,NW-A306
SRS-LSR200,SRS-LSR200
LSPX-S3,LSPX-S3
SRS-WS1,SRS-WS1
HT-S100F,HT-S100F
HT-A3000,HT-A3000
HT-AN7,HT-AN7
ACC-TRW,ACC-TRW
MDR-7506,MDR-7506
WH-CH720N,WH-CH720N
WH-G500,WH-G500
WH-G900N,WH-G900N
MDR-G300,MDR-G300
WF-G700N,WF-G700N
WF-C710N,WF-C710N
WF-C700N,WF-C700N
WF-C510,WF-C510
WF-C500,WF-C500
WH-1000XM4,WH-1000XM4
WF-1000XM5,WF-1000XM5
WF-1000XM6,WF-1000XM6
WF-LS900N,WF-LS900N
WF-LS910N,WF-LS910N
WF-L910,WF-L910
WF-L900,WF-L900
WF-1000XM4,WF-1000XM4
WH-1000XM5,WH-1000XM5
PCH-2000ZA11,PCH-2000ZA11
NW-S315,NW-S315
PCH-2000ZA22,PCH-2000ZA22
PCH-2000ZA26,PCH-2000ZA26
BDP-S1700,BDP-S1700
PSP-3000RR,PSP-3000RR
PSP-3000ZP,PSP-3000ZP
ECM-B10,ECM-B10
ECM-B1M,ECM-B1M
SRS-XB33,SRS-XB33
ECM-G1,ECM-G1
ICD-UX575F,ICD-UX575F
SCPH-15000,SCPH-15000
CECH-4000B,CECH-4000B
CECH4300C,CECH4300C
NW-A105,NW-A105
NW-A106,NW-A106
VF-82MPAM,VF-82MPAM
NW-S14,NW-S14
PCH-1000 ZA02,PCH-1000 ZA02
LA-EA4,LA-EA4
CFD-S401,CFD-S401
NW-A35,NW-A35
CEA-G160T,CEA-G160T
SRS-XE300,SRS-XE300
ICD-LX31,ICD-LX31
CV-EF120-W,CV-EF120-W
KS-CF05B-B,KS-CF05B-B
KS-CF05B-W,KS-CF05B-W
KS-S10J-S,KS-S10J-S
FU-S50-W,FU-S50-W
KC-S50W-W,KC-S50W-W
JD-G33CL,JD-G33CL
RE-SS10-XW,RE-SS10-XW
RE-WF232,RE-WF232
2T-C32EF1,2T-C32EF1
2T-C19GE1,2T-C19GE1
EC-CT12-C,EC-CT12-C
KI-SS50,KI-SS50
IG-KC15-BB,IG-KC15-BB
2B-C10GW1,2B-C10GW1
KI-TX75,KI-TX75
JD-AT91CL,JD-AT91CL
CV-R71-W,CV-R71-W
AX-AJ1,AX-AJ1
2T-C19DE-W,2T-C19DE-W
2T-C24DE-W,2T-C24DE-W
KN-HW16G,KN-HW16G
2T-C32DE-W,2T-C32DE-W
RE-T171,RE-T171
FU-RC01-W,FU-RC01-W
BD-NW1200,BD-NW1200
JD-V39CL,JD-V39CL
PW-SH7-W,PW-SH7-W
PW-SH7,PW-SH7
JD-SF3CL-W,JD-SF3CL-W
KN-HW24G-R,KN-HW24G-R
AN-SS2-B,AN-SS2-B
DY-S01-W,DY-S01-W
AX-AJ1-W,AX-AJ1-W
KN-HW10G-W,KN-HW10G-W
KC-J50C-H,KC-J50C-H
SCS-S300,SCS-S300
VC-C7-R,VC-C7-R
HD-TPA2U3-B,HD-TPA2U3-B
VC-PH9,VC-PH9
TY-AN1,TY-AN1
TY-ANX1,TY-ANX1
TY-AN2,TY-AN2
TY-C260,TY-C260
TY-C250,TY-C250
RC-10HGW,RC-10HGW
RC-10MGW,RC-10MGW
RC-10VRV,RC-10VRV
RC-6XM,RC-6XM
TY-SR66,TY-SR66
RC-10VSP,RC-10VSP
TY-CDX92,TY-CDX92
RC-10VSV,RC-10VSV
TY-C160,TY-C160
TY-ANX2,TY-ANX2
MQ02ABD100H,MQ02ABD100H
DT01ABA200V,DT01ABA200V
TY-CW10,TY-CW10
TY-C251,TY-C251
DBR-W1009,DBR-W1009
SD-P910S,SD-P910S
EFD15EL,EFD15EL
PFC-M116-W,PFC-M116-W
RZ-W100GM,RZ-W100GM
CSI-RX70,CSI-RX70
HJS-DR601,HJS-DR601
PV-BL20G,PV-BL20G
PV-BH900G,PV-BH900G
HFK-CV1B,HFK-CV1B
EH-KE4L-K,EH-KE4L-K
SR-KT060,SR-KT060
SC-GNW10,SC-GNW10
CB-SKH6,CB-SKH6
NT-D700-K,NT-D700-K
EH-SA6C-N,EH-SA6C-N
DP-UB45-K,DP-UB45-K
VL-V566-S,VL-V566-S
MS-DH100-K,MS-DH100-K
DC-2NK,DC-2NK
SD-CB1-W,SD-CB1-W
EZ7521LA2S-B,EZ7521LA2S-B
TU-BUHD100,TU-BUHD100
MK-K81-W,MK-K81-W
WX-4100B,WX-4100B
CN-HE02D,CN-HE02D
CN-HE02WD,CN-HE02WD
EW-DJ75-W,EW-DJ75-W
EH-NE7M,EH-NE7M
ER-GK60-W,ER-GK60-W
EH-NA9G,EH-NA9G
ES-PV6A,ES-PV6A
SCS-T161,SCS-T161
ELD-HTV020UBK,ELD-HTV020UBK
RNS-P10-W,RNS-P10-W
WH-G910N,WH-G910N
WH-G910NH9,WH-G910NH9
EAH-AZ80,EAH-AZ80
NW-S313,NW-S313
IB-NP9,IB-NP9
NW-A307,NW-A307
CH951SPF,CH951SPF
ICD-UX570F,ICD-UX570F
NI-FS790-K,NI-FS790-K
WH-ULT900N,WH-ULT900N
ICD-PX470F,ICD-PX470F
WD60EZAZ,WD60EZAZ
CY-ET2620GD,CY-ET2620GD
EAH-AZ40M2-N,EAH-AZ40M2-N
ECM-M1,ECM-M1
MC-SB34J-C,MC-SB34J-C
ECM-XM1,ECM-XM1
KX-PD550DL,KX-PD550DL
ICD-PX240,ICD-PX240
TB15601K,TB15601K
NW-A105HN,NW-A105HN
NW-A107,NW-A107
VE-GD69DL-W,VE-GD69DL-W
MDR-MV1,MDR-MV1
SRS-XB23,SRS-XB23
WI-OE6,WI-OE6
NI-WL709,NI-WL709
NI-WL708,NI-WL708
DSC-WX350,DSC-WX350
NW-A55HN,NW-A55HN
M-DPT1MRXBK,M-DPT1MRXBK
CV-R60-W,CV-R60-W
HDR-CX680 R,HDR-CX680 R
MC-SB32J,MC-SB32J
CUH-1100AB01,CUH-1100AB01
ES-L580U,ES-L580U
DMR-2W103,DMR-2W103
WRC-BE94XSD,WRC-BE94XSD
VL-V571L-S,VL-V571L-S
PV-BS1L,PV-BS1L
RC-IK10,RC-IK10
RC-ME10-B,RC-ME10-B
SC-HC420,SC-HC420
BD-NT1200,BD-NT1200
BD-NS520,BD-NS520
RC-10VXV,RC-10VXV
CMT-M35WM,CMT-M35WM
BD-NW510,BD-NW510
BD-NW1100,BD-NW1100
MDR-CD900ST,MDR-CD900ST
VE-GD27DL,VE-GD27DL
EW-DP37,EW-DP37
EW-DP57,EW-DP57
DMR-2X203,DMR-2X203
BDZ-FBW2200,BDZ-FBW2200
6500BE6P,6500BE6P
18000BE10P,18000BE10P
LS220D0602G,LS220D0602G
LS220D0802G,LS220D0802G
WEX-3000AX4EA,WEX-3000AX4EA
WXR-11000XE12,WXR-11000XE12
WEX-3000AX4,WEX-3000AX4
WAPM-1266R,WAPM-1266R
BRXL-PUV6U3,BRXL-PUV6U3
HD-EDS8U3,HD-EDS8U3
HD-PCFS5.0U3,HD-PCFS5.0U3
PCFS4.0U3,PCFS4.0U3
EDS2U3,EDS2U3
VR-U500X,VR-U500X
PGF5.0U3,PGF5.0U3
NRLD2.0U3,NRLD2.0U3
NRLD4.0U3,NRLD4.0U3
LE4U3,LE4U3
LC1.0U3,LC1.0U3
LC2.0U3,LC2.0U3
LC3.0U3,LC3.0U3
WH-1000XM6,WH-1000XM6
MDR-M1,MDR-M1
SRS-ULT50,SRS-ULT50
BDZ-FBT2200,BDZ-FBT2200
BDZ-ZW1900,BDZ-ZW1900
NW-ZX707,NW-ZX707
UWP-D21,UWP-D21
SMR-10,SMR-10
BDZ-FT2000,BDZ-FT2000
SRS-NS7,SRS-NS7
DST-SHV1,DST-SHV1
BDP-S6700,BDP-S6700
1000XM3,1000XM3
MDR-Z7M2,MDR-Z7M2
ZS-RS81BT,ZS-RS81BT
BDP-Z1,BDP-Z1
HT-AX7,HT-AX7
D-NE241,D-NE241
HT-X8500,HT-X8500
HDR-AS300,HDR-AS300
MDR-1AM2,MDR-1AM2
SRS-HG10,SRS-HG10
EH-NA7M,EH-NA7M
EH-NC50,EH-NC50
NI-FS70A,NI-FS70A
ES-WP9A,ES-WP9A
F-YZU60,F-YZU60
SEL55F18Z,SEL55F18Z
SEL18200,SEL18200
SEL1018,SEL1018
SEL50F25G,SEL50F25G
LA-EA5,LA-EA5
SEL50F18F,SEL50F18F
SEL35F18,SEL35F18
ELD-HTV040UBK,ELD-HTV040UBK
IG-KTA20,IG-KTA20
DMR-2W202,DMR-2W202
DMR-2W102,DMR-2W102
DMR-4T203,DMR-4T203
2B-C10BW1,2B-C10BW1
DMR-2W51,DMR-2W51
BDP-S1500,BDP-S1500
BDZ-ZW1700,BDZ-ZW1700
DMP-BDT180,DMP-BDT180
DMR-BRW1020,DMR-BRW1020
DMR-BWT560,DMR-BWT560
2B-C10DW1,2B-C10DW1
DMR-BRX2020,DMR-BRX2020
2B-C10CW1,2B-C10CW1
2B-C10EW1,2B-C10EW1
BD-NT1000,BD-NT1000
2B-C20ET1,2B-C20ET1
BDZ-FBW1000,BDZ-FBW1000
DMR-2X202,DMR-2X202
DBR-W509,DBR-W509
DMR-BRT530,DMR-BRT530
DMR-BRW1050,DMR-BRW1050
DMR-BRG2030,DMR-BRG2030
BDZ-FBW2100,BDZ-FBW2100
4B-C20BT3,4B-C20BT3
DMR-BCW560,DMR-BCW560
2B-C05EW1,2B-C05EW1
DMR-BCX2060,DMR-BCX2060
DMR-UBZ2020,DMR-UBZ2020
BDZ-AT950W,BDZ-AT950W
DMR-BRX2050,DMR-BRX2050
DMR-2X301,DMR-2X301
DMR-2CW100,DMR-2CW100
DMR-BRX2000,DMR-BRX2000
PCM-A10,PCM-A10
PW-H1-W,PW-H1-W
DMR-4T303,DMR-4T303
BDZ-ZW1500,BDZ-ZW1500
CN-G520D,CN-G520D
BD-NW520,BD-NW520
2B-C05BW1,2B-C05BW1
NW-A45,NW-A45
UN-10E11-W,UN-10E11-W
ICF-M780N,ICF-M780N
WI-1000XM2,WI-1000XM2
RX-D70BT,RX-D70BT
H-H025-K,H-H025-K
ZS-S40,ZS-S40
DSC-W830,DSC-W830
SD-BMT2000-W,SD-BMT2000-W
2B-C05DW1,2B-C05DW1
KX-PD205DL,KX-PD205DL
CN-G1300VD,CN-G1300VD
KX-PD215DL,KX-PD215DL
HVL-F46RM,HVL-F46RM
CN-G750D,CN-G750D
KX-PD304DL,KX-PD304DL
CN-G1500VD,CN-G1500VD
KX-FKN526,KX-FKN526
LDT-MRC03,LDT-MRC03
CN-G740D,CN-G740D
2B-C10BT1,2B-C10BT1
DBR-W2009,DBR-W2009
IST-BAUL201,IST-BAUL201
2B-C05CW1,2B-C05CW1
LC-19K20,LC-19K20
SRF-T355,SRF-T355
BDP-SX910,BDP-SX910
DMR-BRW1010,DMR-BRW1010
DMR-BRZ1010,DMR-BRZ1010
DAC-IA2,DAC-IA2
DMR-BWT660,DMR-BWT660
BDZ-ZT1000,BDZ-ZT1000
BDZ-ZT2000,BDZ-ZT2000
ES-LVG8,ES-LVG8
DMR-BRT1030,DMR-BRT1030
NV-HV3G,NV-HV3G
KX-PD604DL,KX-PD604DL
cn-g1400vd,cn-g1400vd
DMR-BZT9000,DMR-BZT9000
DMR-XP25V,DMR-XP25V
DV-ACV52,DV-ACV52
KX-PW211DL,KX-PW211DL
DMR-XE100,DMR-XE100
XBA-N3,XBA-N3
DMR-BG2050,DMR-BG2050
DMR-XW200V,DMR-XW200V
SRS-XG300,SRS-XG300
ER-GK81,ER-GK81
DMR-2X302,DMR-2X302
DMR-BRW560,DMR-BRW560
DMR-BRW1060,DMR-BRW1060
SR-AX1,SR-AX1
NB-DT52,NB-DT52
EH-NA0G,EH-NA0G
BDZ-ZT1700,BDZ-ZT1700
BDZ-ZW2700,BDZ-ZW2700
